{"cameraMode":{"drawMode":0,"name":"Shaded","section":"Shading Mode"},"sceneLighting":false,"audioPlay":false,"sceneViewState":{"showFog":true,"showMaterialUpdate":true,"showSkybox":false,"showFlares":true,"showImageEffects":true,"showParticleSystems":true},"in2DMode":false,"pivot":{"x":4.649456024169922,"y":-0.48718786239624026,"z":1.2353572845458985},"rotation":{"x":0.08010769635438919,"y":0.16726580262184144,"z":-0.013251100666821003,"w":0.9825637936592102},"size":5.788822174072266,"orthographic":false}