{"cameraMode":{"drawMode":0,"name":"Shaded","section":"Shading Mode"},"sceneLighting":false,"audioPlay":false,"sceneViewState":{"showFog":true,"showMaterialUpdate":true,"showSkybox":false,"showFlares":true,"showImageEffects":true,"showParticleSystems":true},"in2DMode":false,"pivot":{"x":109.0853042602539,"y":201.36517333984376,"z":-40.43278503417969},"rotation":{"x":0.016890879720449449,"y":-0.5130590200424194,"z":0.010351307690143586,"w":0.8582131266593933},"size":11.10004711151123,"orthographic":false}