{"cameraMode":{"drawMode":0,"name":"Shaded","section":"Shading Mode"},"sceneLighting":false,"audioPlay":false,"sceneViewState":{"showFog":true,"showMaterialUpdate":true,"showSkybox":false,"showFlares":true,"showImageEffects":true,"showParticleSystems":true},"in2DMode":false,"pivot":{"x":112.46330261230469,"y":199.3651885986328,"z":-34.92707824707031},"rotation":{"x":0.027199676260352136,"y":-0.08120168745517731,"z":0.0024362364783883096,"w":0.9964004755020142},"size":10.000957489013672,"orthographic":false}