{"cameraMode":{"drawMode":0,"name":"Shaded","section":"Shading Mode"},"sceneLighting":false,"audioPlay":false,"sceneViewState":{"showFog":true,"showMaterialUpdate":true,"showSkybox":false,"showFlares":true,"showImageEffects":true,"showParticleSystems":true},"in2DMode":false,"pivot":{"x":-0.11142802238464356,"y":0.07779160141944885,"z":-0.6630806922912598},"rotation":{"x":0.06642718613147736,"y":0.3963010907173157,"z":-0.028347646817564966,"w":0.9152777194976807},"size":1.6106009483337403,"orthographic":false}