{"cameraMode":{"drawMode":0,"name":"Shaded","section":"Shading Mode"},"sceneLighting":false,"audioPlay":false,"sceneViewState":{"showFog":true,"showMaterialUpdate":true,"showSkybox":false,"showFlares":true,"showImageEffects":true,"showParticleSystems":true},"in2DMode":false,"pivot":{"x":8.296101570129395,"y":-0.7064340710639954,"z":7.262019634246826},"rotation":{"x":-0.17128315567970277,"y":-0.7860760688781738,"z":0.24991640448570252,"w":-0.5388235449790955},"size":30.38762855529785,"orthographic":false}