{"cameraMode":{"drawMode":0,"name":"Shaded","section":"Shading Mode"},"sceneLighting":false,"audioPlay":false,"sceneViewState":{"showFog":true,"showMaterialUpdate":true,"showSkybox":false,"showFlares":true,"showImageEffects":true,"showParticleSystems":true},"in2DMode":false,"pivot":{"x":113.74910736083985,"y":200.66839599609376,"z":-34.799293518066409},"rotation":{"x":0.010038518346846104,"y":-0.352579265832901,"z":0.004015381447970867,"w":0.9358019232749939},"size":10.000957489013672,"orthographic":false}